{
  "_comment": "Per-map homography matrices (3x3) converting minimap pixel coords to normalized [0,1]^2 map coords.",
  "_format": "H[i][j] where i=row, j=col. Generate with scripts/calibrate_minimap.py",
  "_example": {
    "haven": [
      [
        0.0023,
        0.0,
        -0.05
      ],
      [
        0.0,
        0.0023,
        -0.04
      ],
      [
        0.0,
        0.0,
        1.0
      ]
    ]
  },
  "ascent": [
    [
      0.0022222222222222222,
      0.0,
      0.0
    ],
    [
      0.0,
      0.0022222222222222222,
      0.0
    ],
    [
      0.0,
      0.0,
      1.0
    ]
  ],
  "bind": [
    [
      0.0022222222222222222,
      0.0,
      0.0
    ],
    [
      0.0,
      0.0022222222222222222,
      0.0
    ],
    [
      0.0,
      0.0,
      1.0
    ]
  ],
  "breeze": [
    [
      0.0022222222222222222,
      0.0,
      0.0
    ],
    [
      0.0,
      0.0022222222222222222,
      0.0
    ],
    [
      0.0,
      0.0,
      1.0
    ]
  ],
  "corrode": [
    [
      0.0022222222222222222,
      0.0,
      0.0
    ],
    [
      0.0,
      0.0022222222222222222,
      0.0
    ],
    [
      0.0,
      0.0,
      1.0
    ]
  ],
  "abyss": [
    [
      0.0022222222222222222,
      0.0,
      0.0
    ],
    [
      0.0,
      0.0022222222222222222,
      0.0
    ],
    [
      0.0,
      0.0,
      1.0
    ]
  ],
  "fracture": [
    [
      0.0022222222222222222,
      0.0,
      0.0
    ],
    [
      0.0,
      0.0022222222222222222,
      0.0
    ],
    [
      0.0,
      0.0,
      1.0
    ]
  ],
  "haven": [
    [
      0.0022222222222222222,
      0.0,
      0.0
    ],
    [
      0.0,
      0.0022222222222222222,
      0.0
    ],
    [
      0.0,
      0.0,
      1.0
    ]
  ],
  "icebox": [
    [
      0.0022222222222222222,
      0.0,
      0.0
    ],
    [
      0.0,
      0.0022222222222222222,
      0.0
    ],
    [
      0.0,
      0.0,
      1.0
    ]
  ],
  "lotus": [
    [
      0.0022222222222222222,
      0.0,
      0.0
    ],
    [
      0.0,
      0.0022222222222222222,
      0.0
    ],
    [
      0.0,
      0.0,
      1.0
    ]
  ],
  "pearl": [
    [
      0.0022222222222222222,
      0.0,
      0.0
    ],
    [
      0.0,
      0.0022222222222222222,
      0.0
    ],
    [
      0.0,
      0.0,
      1.0
    ]
  ],
  "split": [
    [
      0.0022222222222222222,
      0.0,
      0.0
    ],
    [
      0.0,
      0.0022222222222222222,
      0.0
    ],
    [
      0.0,
      0.0,
      1.0
    ]
  ],
  "sunset": [
    [
      0.0022222222222222222,
      0.0,
      0.0
    ],
    [
      0.0,
      0.0022222222222222222,
      0.0
    ],
    [
      0.0,
      0.0,
      1.0
    ]
  ]
}