{
  "val": {
    "brier": 0.18022959692416257,
    "logloss": 0.5239155463201086,
    "auc": 0.7971127933662803,
    "n_samples": 52515,
    "atk_win_rate": 0.5305341331048272
  },
  "test": {
    "brier": 0.17825614963645067,
    "logloss": 0.5182541355352718,
    "auc": 0.7859561456534276,
    "n_samples": 63112,
    "atk_win_rate": 0.612419191278996
  }
}